{
  "id": "foundryvtt-simple-calendar-compat",
  "title": "Simple Calendar Compatibility Bridge",
  "description": "Provides 100% Simple Calendar API compatibility with complete separation of concerns. Bridges modern calendar modules (Seasons & Stars) to Simple Calendar-dependent modules. Features complete Simple Weather support including weather persistence, SmallTime integration, and automatic format conversions.",
  "version": "0.1.1",
  "authors": [
    {
      "name": "Rayners",
      "discord": "rayners"
    }
  ],
  "compatibility": {
    "minimum": "12",
    "verified": "13",
    "maximum": "13"
  },
  "esmodules": [
    "main.js"
  ],
  "languages": [
    {
      "lang": "en",
      "name": "English",
      "path": "languages/en.json"
    }
  ],
  "relationships": {
    "requires": [],
    "recommends": [
      {
        "id": "seasons-and-stars",
        "type": "module",
        "reason": "Primary calendar provider for compatibility bridging"
      }
    ],
    "conflicts": [
      {
        "id": "foundryvtt-simple-calendar",
        "type": "module",
        "reason": "Provides the same API - use either this bridge or Simple Calendar, not both"
      }
    ]
  },
  "socket": false,
  "manifest": "https://github.com/rayners/foundryvtt-simple-calendar-compat/releases/download/v0.1.1/module.json",
  "download": "https://github.com/rayners/foundryvtt-simple-calendar-compat/releases/download/v0.1.1/module.zip",
  "license": "MIT",
  "readme": "https://github.com/rayners/foundryvtt-simple-calendar-compat/blob/main/README.md",
  "changelog": "https://github.com/rayners/foundryvtt-simple-calendar-compat/blob/main/CHANGELOG.md"
}